-- Mannschaften
INSERT INTO MANNSCHAFT (ID, NAME, STADT, GRUENDUNGSJAHR) VALUES (1, '1. Fc Köln', 'Köln', '1948-02-13');
INSERT INTO MANNSCHAFT (ID, NAME, STADT, GRUENDUNGSJAHR) VALUES (2, 'Borussia Mönchengladbach', 'Mönchengladbach', '1900-08-01');
INSERT INTO MANNSCHAFT (ID, NAME, STADT, GRUENDUNGSJAHR) VALUES (3, 'BVB Dortmund', 'Dortmund', '1909-12-19');
INSERT INTO MANNSCHAFT (ID, NAME, STADT, GRUENDUNGSJAHR) VALUES (4, 'Werder Bremen', 'Bremen', '1899-02-04');
INSERT INTO MANNSCHAFT (ID, NAME, STADT, GRUENDUNGSJAHR) VALUES (5, 'Vfl Rheinbach', 'Rheinbach', '1913-01-01');
INSERT INTO MANNSCHAFT (ID, NAME, STADT, GRUENDUNGSJAHR) VALUES (6, 'THW Kiel', 'Kiel', '1904-01-01');
INSERT INTO MANNSCHAFT (ID, NAME, STADT, GRUENDUNGSJAHR) VALUES (7, 'Vfl Gummersbach', 'Gummersbach', '1861-03-03');
INSERT INTO MANNSCHAFT (ID, NAME, STADT, GRUENDUNGSJAHR) VALUES (8, 'Bayern München', 'München', '1900-02-27');
INSERT INTO MANNSCHAFT (ID, NAME, STADT, GRUENDUNGSJAHR) VALUES (9, 'TC Sportpark Rheinbach', 'Rheinbach', '1950-01-01');
INSERT INTO MANNSCHAFT (ID, NAME, STADT, GRUENDUNGSJAHR) VALUES (10, 'Tennisclub Rot-Weiß', 'Rheinbach', '1948-02-13');

-- Trainer
INSERT INTO TRAINER (ID, VORNAME, NACHNAME, GEBURTSTAG, JAHRE_ERFAHRUNG, MANNSCHAFT_ID) VALUES (1, 'Ferdinand','Schunke','1990-09-12', 15, 1);
INSERT INTO TRAINER (ID, VORNAME, NACHNAME, GEBURTSTAG, JAHRE_ERFAHRUNG, MANNSCHAFT_ID) VALUES (2, 'Mechtild','Carmen','1966-11-03', 35, 2);
INSERT INTO TRAINER (ID, VORNAME, NACHNAME, GEBURTSTAG, JAHRE_ERFAHRUNG, MANNSCHAFT_ID) VALUES (3, 'Trautlind','Christ','1921-01-07', 50, 3);
INSERT INTO TRAINER (ID, VORNAME, NACHNAME, GEBURTSTAG, JAHRE_ERFAHRUNG, MANNSCHAFT_ID) VALUES (4, 'Burkhart','Borchard','1951-12-24', 4, 4);
INSERT INTO TRAINER (ID, VORNAME, NACHNAME, GEBURTSTAG, JAHRE_ERFAHRUNG, MANNSCHAFT_ID) VALUES (5, 'Denny','Faas','2000-05-21', 37, 5);
INSERT INTO TRAINER (ID, VORNAME, NACHNAME, GEBURTSTAG, JAHRE_ERFAHRUNG, MANNSCHAFT_ID) VALUES (6, 'Jessika','Mörs','1906-03-03', 23, 6);
INSERT INTO TRAINER (ID, VORNAME, NACHNAME, GEBURTSTAG, JAHRE_ERFAHRUNG, MANNSCHAFT_ID) VALUES (7, 'Thomas','Mäurer','1991-12-23', 7, 7);
INSERT INTO TRAINER (ID, VORNAME, NACHNAME, GEBURTSTAG, JAHRE_ERFAHRUNG, MANNSCHAFT_ID) VALUES (8, 'Vivien','Stelling','2004-04-14', 1, 8);
INSERT INTO TRAINER (ID, VORNAME, NACHNAME, GEBURTSTAG, JAHRE_ERFAHRUNG, MANNSCHAFT_ID) VALUES (9, 'Friedrun','Häfele','1995-02-02', 4, 9);
INSERT INTO TRAINER (ID, VORNAME, NACHNAME, GEBURTSTAG, JAHRE_ERFAHRUNG, MANNSCHAFT_ID) VALUES (10, 'Walther','Pack','1949-01-07', 45, 10);

-- Spieler
-- Fussballspieler
INSERT INTO SPIELER (ID, VORNAME, NACHNAME, GEBURTSTAG, MANNSCHAFT_ID) VALUES (1, 'Vincenz','Zell','1993-02-08',1);
INSERT INTO SPIELER (ID, VORNAME, NACHNAME, GEBURTSTAG, MANNSCHAFT_ID) VALUES (2, 'Heinolf','Jahnel','2015-07-02',1);
INSERT INTO SPIELER (ID, VORNAME, NACHNAME, GEBURTSTAG, MANNSCHAFT_ID) VALUES (3, 'Susanna','Kandziora','1907-09-09',2);
INSERT INTO SPIELER (ID, VORNAME, NACHNAME, GEBURTSTAG, MANNSCHAFT_ID) VALUES (4, 'Eduard','Nuding','1976-07-20',2);
INSERT INTO SPIELER (ID, VORNAME, NACHNAME, GEBURTSTAG, MANNSCHAFT_ID) VALUES (5, 'Johannette','Wilk','1943-04-24',3);
INSERT INTO SPIELER (ID, VORNAME, NACHNAME, GEBURTSTAG, MANNSCHAFT_ID) VALUES (6, 'Janis','Wittke','1975-01-09',3);
INSERT INTO SPIELER (ID, VORNAME, NACHNAME, GEBURTSTAG, MANNSCHAFT_ID) VALUES (7, 'Lucy','Neu','1992-04-07', 4);
INSERT INTO SPIELER (ID, VORNAME, NACHNAME, GEBURTSTAG, MANNSCHAFT_ID) VALUES (8, 'Gabriele','Wickert','1918-09-18',4);
INSERT INTO SPIELER (ID, VORNAME, NACHNAME, GEBURTSTAG, MANNSCHAFT_ID) VALUES (9, 'Friedrun','Schiwek','1994-11-17',5);
INSERT INTO SPIELER (ID, VORNAME, NACHNAME, GEBURTSTAG, MANNSCHAFT_ID) VALUES (10, 'Nicolas','Schimpf','2001-04-25',5);

-- Fussballspieler
INSERT INTO FUSSBALLSPIELER (ID, SPIELER_ID, ANZAHL_TORE) VALUES (1, 1, 15);
INSERT INTO FUSSBALLSPIELER (ID, SPIELER_ID, ANZAHL_TORE) VALUES (2, 2, 22);
INSERT INTO FUSSBALLSPIELER (ID, SPIELER_ID, ANZAHL_TORE) VALUES (3, 3, 32);
INSERT INTO FUSSBALLSPIELER (ID, SPIELER_ID, ANZAHL_TORE) VALUES (4, 4, 17);
INSERT INTO FUSSBALLSPIELER (ID, SPIELER_ID, ANZAHL_TORE) VALUES (5, 5, 5);
INSERT INTO FUSSBALLSPIELER (ID, SPIELER_ID, ANZAHL_TORE) VALUES (6, 6, 0);
INSERT INTO FUSSBALLSPIELER (ID, SPIELER_ID, ANZAHL_TORE) VALUES (7, 7, 12);
INSERT INTO FUSSBALLSPIELER (ID, SPIELER_ID, ANZAHL_TORE) VALUES (8, 8, 3);
INSERT INTO FUSSBALLSPIELER (ID, SPIELER_ID, ANZAHL_TORE) VALUES (9, 9, 9);
INSERT INTO FUSSBALLSPIELER (ID, SPIELER_ID, ANZAHL_TORE) VALUES (10, 10, 0);

-- Handballspieler
INSERT INTO SPIELER (ID, VORNAME, NACHNAME, GEBURTSTAG, MANNSCHAFT_ID) VALUES (11, 'Janfried','Meinecke','1912-12-20', 6);
INSERT INTO SPIELER (ID, VORNAME, NACHNAME, GEBURTSTAG, MANNSCHAFT_ID) VALUES (12, 'Emmerich','Freise','1941-09-25', 6);
INSERT INTO SPIELER (ID, VORNAME, NACHNAME, GEBURTSTAG, MANNSCHAFT_ID) VALUES (13, 'Cornelius','Stahr','1988-07-29', 6);
INSERT INTO SPIELER (ID, VORNAME, NACHNAME, GEBURTSTAG, MANNSCHAFT_ID) VALUES (14, 'Hildmar','Steininger','1957-12-17', 6);
INSERT INTO SPIELER (ID, VORNAME, NACHNAME, GEBURTSTAG, MANNSCHAFT_ID) VALUES (15, 'Unette','Brennecke','1961-12-25', 6);
INSERT INTO SPIELER (ID, VORNAME, NACHNAME, GEBURTSTAG, MANNSCHAFT_ID) VALUES (16, 'Marilen','Hopp','1998-07-10', 7);
INSERT INTO SPIELER (ID, VORNAME, NACHNAME, GEBURTSTAG, MANNSCHAFT_ID) VALUES (17, 'Siegtraud','Spielberger','1976-11-01', 7);
INSERT INTO SPIELER (ID, VORNAME, NACHNAME, GEBURTSTAG, MANNSCHAFT_ID) VALUES (18, 'Heidebert','Westermann','1946-02-22', 7);
INSERT INTO SPIELER (ID, VORNAME, NACHNAME, GEBURTSTAG, MANNSCHAFT_ID) VALUES (19, 'Sighilde','Tschirner','1910-04-25', 7);
INSERT INTO SPIELER (ID, VORNAME, NACHNAME, GEBURTSTAG, MANNSCHAFT_ID) VALUES (20, 'Gottwalt','Degner','1987-12-26', 7);

-- Handballspieler
INSERT INTO HANDBALLSPIELER (ID, SPIELER_ID, ANZAHL_TORE) VALUES (1, 11, 15);
INSERT INTO HANDBALLSPIELER (ID, SPIELER_ID, ANZAHL_TORE) VALUES (2, 12, 22);
INSERT INTO HANDBALLSPIELER (ID, SPIELER_ID, ANZAHL_TORE) VALUES (3, 13, 32);
INSERT INTO HANDBALLSPIELER (ID, SPIELER_ID, ANZAHL_TORE) VALUES (4, 14, 17);
INSERT INTO HANDBALLSPIELER (ID, SPIELER_ID, ANZAHL_TORE) VALUES (5, 15, 5);
INSERT INTO HANDBALLSPIELER (ID, SPIELER_ID, ANZAHL_TORE) VALUES (6, 16, 0);
INSERT INTO HANDBALLSPIELER (ID, SPIELER_ID, ANZAHL_TORE) VALUES (7, 17, 12);
INSERT INTO HANDBALLSPIELER (ID, SPIELER_ID, ANZAHL_TORE) VALUES (8, 18, 3);
INSERT INTO HANDBALLSPIELER (ID, SPIELER_ID, ANZAHL_TORE) VALUES (9, 19, 9);
INSERT INTO HANDBALLSPIELER (ID, SPIELER_ID, ANZAHL_TORE) VALUES (10, 20, 0);

-- Tennisspieler
INSERT INTO SPIELER (ID, VORNAME, NACHNAME, GEBURTSTAG, MANNSCHAFT_ID) VALUES (21, 'Donate','Fleischmann','2009-06-10', 9);
INSERT INTO SPIELER (ID, VORNAME, NACHNAME, GEBURTSTAG, MANNSCHAFT_ID) VALUES (22, 'Inkmar','Weiske','1926-07-18', 9);
INSERT INTO SPIELER (ID, VORNAME, NACHNAME, GEBURTSTAG, MANNSCHAFT_ID) VALUES (23, 'Leopoldine','Rehder','2001-11-16', 9);
INSERT INTO SPIELER (ID, VORNAME, NACHNAME, GEBURTSTAG, MANNSCHAFT_ID) VALUES (24, 'Friedrich','Hey','1956-01-17', 9);
INSERT INTO SPIELER (ID, VORNAME, NACHNAME, GEBURTSTAG, MANNSCHAFT_ID) VALUES (25, 'Melisande','Maucher','1924-01-03', 9);
INSERT INTO SPIELER (ID, VORNAME, NACHNAME, GEBURTSTAG, MANNSCHAFT_ID) VALUES (26, 'Cornelius','Wedler','1967-12-29', 10);
INSERT INTO SPIELER (ID, VORNAME, NACHNAME, GEBURTSTAG, MANNSCHAFT_ID) VALUES (27, 'Berthilde','Engelmann','1902-05-18', 10);
INSERT INTO SPIELER (ID, VORNAME, NACHNAME, GEBURTSTAG, MANNSCHAFT_ID) VALUES (28, 'Adi','Göbbels','1994-11-06', 10);
INSERT INTO SPIELER (ID, VORNAME, NACHNAME, GEBURTSTAG, MANNSCHAFT_ID) VALUES (29, 'Wendemar','Limburg','1981-08-05', 10);
INSERT INTO SPIELER (ID, VORNAME, NACHNAME, GEBURTSTAG, MANNSCHAFT_ID) VALUES (30, 'Landolf','Merten','1948-05-07', 10);

-- Tennisspieler
INSERT INTO TENNISSPIELER (ID, SPIELER_ID, GEWONNENE_SPIELE, ANZAHL_SPIELE) VALUES (1, 21, 20, 25);
INSERT INTO TENNISSPIELER (ID, SPIELER_ID, GEWONNENE_SPIELE, ANZAHL_SPIELE) VALUES (2, 22, 3, 34);
INSERT INTO TENNISSPIELER (ID, SPIELER_ID, GEWONNENE_SPIELE, ANZAHL_SPIELE) VALUES (3, 23, 0, 2);
INSERT INTO TENNISSPIELER (ID, SPIELER_ID, GEWONNENE_SPIELE, ANZAHL_SPIELE) VALUES (4, 24, 10, 10);
INSERT INTO TENNISSPIELER (ID, SPIELER_ID, GEWONNENE_SPIELE, ANZAHL_SPIELE) VALUES (5, 25, 3, 4);
INSERT INTO TENNISSPIELER (ID, SPIELER_ID, GEWONNENE_SPIELE, ANZAHL_SPIELE) VALUES (6, 26, 15, 26);
INSERT INTO TENNISSPIELER (ID, SPIELER_ID, GEWONNENE_SPIELE, ANZAHL_SPIELE) VALUES (7, 27, 7, 19);
INSERT INTO TENNISSPIELER (ID, SPIELER_ID, GEWONNENE_SPIELE, ANZAHL_SPIELE) VALUES (8, 28, 33, 40);
INSERT INTO TENNISSPIELER (ID, SPIELER_ID, GEWONNENE_SPIELE, ANZAHL_SPIELE) VALUES (9, 29, 14, 18);
INSERT INTO TENNISSPIELER (ID, SPIELER_ID, GEWONNENE_SPIELE, ANZAHL_SPIELE) VALUES (10, 30, 9, 42);

-- Physios
INSERT INTO PHYSIO (ID, VORNAME, NACHNAME, GEBURTSTAG, MANNSCHAFT_ID) VALUES (1, 'Patrik','Dresen','1998-01-06', 1);
INSERT INTO PHYSIO (ID, VORNAME, NACHNAME, GEBURTSTAG, MANNSCHAFT_ID) VALUES (2, 'Adelgunde','Bücher','1993-10-31', 2);
INSERT INTO PHYSIO (ID, VORNAME, NACHNAME, GEBURTSTAG, MANNSCHAFT_ID) VALUES (3, 'Mika','Krampe','1935-11-08', 3);
INSERT INTO PHYSIO (ID, VORNAME, NACHNAME, GEBURTSTAG, MANNSCHAFT_ID) VALUES (4, 'Crescentia','Böhler','1978-09-28', 4);
INSERT INTO PHYSIO (ID, VORNAME, NACHNAME, GEBURTSTAG, MANNSCHAFT_ID) VALUES (5, 'Elfie','Bernard','1928-05-24', 5);
INSERT INTO PHYSIO (ID, VORNAME, NACHNAME, GEBURTSTAG, MANNSCHAFT_ID) VALUES (6, 'Gefion','Kopp','1969-07-06', 6);
INSERT INTO PHYSIO (ID, VORNAME, NACHNAME, GEBURTSTAG, MANNSCHAFT_ID) VALUES (7, 'Wilfriede','Röger','1904-12-11', 7);
INSERT INTO PHYSIO (ID, VORNAME, NACHNAME, GEBURTSTAG, MANNSCHAFT_ID) VALUES (8, 'Annelene','Roßbach','2020-02-09', 8);
INSERT INTO PHYSIO (ID, VORNAME, NACHNAME, GEBURTSTAG, MANNSCHAFT_ID) VALUES (9, 'Ronald','Tietze','1973-10-04', 9);
INSERT INTO PHYSIO (ID, VORNAME, NACHNAME, GEBURTSTAG, MANNSCHAFT_ID) VALUES (10, 'Dorlis','Knispel','1996-10-21', 10);

-- Schiedsrichter
INSERT INTO SCHIEDSRICHTER (ID, VORNAME, NACHNAME, GEBURTSTAG) VALUES (1, 'Editha','Schmid','1934-05-21');
INSERT INTO SCHIEDSRICHTER (ID, VORNAME, NACHNAME, GEBURTSTAG) VALUES (2, 'Joachim','Peschke','1983-10-18');
INSERT INTO SCHIEDSRICHTER (ID, VORNAME, NACHNAME, GEBURTSTAG) VALUES (3, 'Mads','Sauerbier','1967-08-28');
INSERT INTO SCHIEDSRICHTER (ID, VORNAME, NACHNAME, GEBURTSTAG) VALUES (4, 'Wiethold','Schlag','2020-08-27');
INSERT INTO SCHIEDSRICHTER (ID, VORNAME, NACHNAME, GEBURTSTAG) VALUES (5, 'Raimer','Schnur','1952-12-18');
INSERT INTO SCHIEDSRICHTER (ID, VORNAME, NACHNAME, GEBURTSTAG) VALUES (6, 'Eckehard','Kalinowski','1940-09-19');
INSERT INTO SCHIEDSRICHTER (ID, VORNAME, NACHNAME, GEBURTSTAG) VALUES (7, 'Waldburga','Wegener','1909-05-24');
INSERT INTO SCHIEDSRICHTER (ID, VORNAME, NACHNAME, GEBURTSTAG) VALUES (8, 'Friedegunde','Lipka','1924-12-22');
INSERT INTO SCHIEDSRICHTER (ID, VORNAME, NACHNAME, GEBURTSTAG) VALUES (9, 'Carina','Worbs','1909-05-05');
INSERT INTO SCHIEDSRICHTER (ID, VORNAME, NACHNAME, GEBURTSTAG) VALUES (10, 'Ehrenreich','Schuhmacher','1988-09-06');

-- Sportart
INSERT INTO SPORTART (ID, NAME) VALUES (1, 'Fussball');
INSERT INTO SPORTART (ID, NAME) VALUES (2, 'Handball');
INSERT INTO SPORTART (ID, NAME) VALUES (3, 'Tennis');

-- Turnier
INSERT INTO TURNIER (ID, DATUM) VALUES (1, '2020-09-28');

-- Spiel
INSERT INTO SPIEL (ID, SPORTART_ID, BEGINN, ENDE, MANNSCHAFT1_ID, MANNSCHAFT2_ID, SCHIEDSRICHTER_ID, PUNKTE_MANNSCHAFT1, PUNKTE_MANNSCHAFT2, TURNIER_ID) VALUES(1, 1,'09:00:00' ,'10:45:00' , 1, 2, 1, 2, 2, 1);
INSERT INTO SPIEL (ID, SPORTART_ID, BEGINN, ENDE, MANNSCHAFT1_ID, MANNSCHAFT2_ID, SCHIEDSRICHTER_ID, PUNKTE_MANNSCHAFT1, PUNKTE_MANNSCHAFT2, TURNIER_ID) VALUES(2, 1,'11:00:00' ,'12:45:00' , 2, 3, 2, 3, 0, 1);
INSERT INTO SPIEL (ID, SPORTART_ID, BEGINN, ENDE, MANNSCHAFT1_ID, MANNSCHAFT2_ID, SCHIEDSRICHTER_ID, PUNKTE_MANNSCHAFT1, PUNKTE_MANNSCHAFT2, TURNIER_ID) VALUES(3, 1,'11:30:00' ,'12:15:00' , 3, 1, 3, 1, 5, 1);
INSERT INTO SPIEL (ID, SPORTART_ID, BEGINN, ENDE, MANNSCHAFT1_ID, MANNSCHAFT2_ID, SCHIEDSRICHTER_ID, PUNKTE_MANNSCHAFT1, PUNKTE_MANNSCHAFT2, TURNIER_ID) VALUES(4, 2,'09:00:00' ,'10:00:00' , 4, 5, 4, 15, 1, 1);
INSERT INTO SPIEL (ID, SPORTART_ID, BEGINN, ENDE, MANNSCHAFT1_ID, MANNSCHAFT2_ID, SCHIEDSRICHTER_ID, PUNKTE_MANNSCHAFT1, PUNKTE_MANNSCHAFT2, TURNIER_ID) VALUES(5, 2,'10:00:00' ,'11:00:00' , 5, 6, 5, 23, 44, 1);
INSERT INTO SPIEL (ID, SPORTART_ID, BEGINN, ENDE, MANNSCHAFT1_ID, MANNSCHAFT2_ID, SCHIEDSRICHTER_ID, PUNKTE_MANNSCHAFT1, PUNKTE_MANNSCHAFT2, TURNIER_ID) VALUES(6, 2,'11:00:00' ,'12:00:00' , 6, 7, 6, 35, 22, 1);
INSERT INTO SPIEL (ID, SPORTART_ID, BEGINN, ENDE, MANNSCHAFT1_ID, MANNSCHAFT2_ID, SCHIEDSRICHTER_ID, PUNKTE_MANNSCHAFT1, PUNKTE_MANNSCHAFT2, TURNIER_ID) VALUES(7, 3,'12:00:00' ,'13:00:00' , 7, 8, 7, 7, 2, 1);
INSERT INTO SPIEL (ID, SPORTART_ID, BEGINN, ENDE, MANNSCHAFT1_ID, MANNSCHAFT2_ID, SCHIEDSRICHTER_ID, PUNKTE_MANNSCHAFT1, PUNKTE_MANNSCHAFT2, TURNIER_ID) VALUES(8, 3,'15:00:00' ,'16:00:00' , 8, 9, 8, 7, 0, 1);
INSERT INTO SPIEL (ID, SPORTART_ID, BEGINN, ENDE, MANNSCHAFT1_ID, MANNSCHAFT2_ID, SCHIEDSRICHTER_ID, PUNKTE_MANNSCHAFT1, PUNKTE_MANNSCHAFT2, TURNIER_ID) VALUES(9, 3,'17:00:00' ,'18:30:00' , 9, 10, 9, 3, 7, 1);
INSERT INTO SPIEL (ID, SPORTART_ID, BEGINN, ENDE, MANNSCHAFT1_ID, MANNSCHAFT2_ID, SCHIEDSRICHTER_ID, PUNKTE_MANNSCHAFT1, PUNKTE_MANNSCHAFT2, TURNIER_ID) VALUES(10, 1,'13:00:00' ,'14:15:00' , 10, 1, 10, 1, 7, 1);