-- Sportart 3x
INSERT INTO SPORTART (ID, BEZEICHNUNG, ANZAHL_PUNKTE_SIEG, ANZAHL_PUNKTE_VERLUST, ANZAHL_PUNKTE_PATT, ANZAHL_SPIELER_PRO_TEAM) VALUES (1, 'Fussball', 3, 0, 1, 11);
INSERT INTO SPORTART (ID, BEZEICHNUNG, ANZAHL_PUNKTE_SIEG, ANZAHL_PUNKTE_VERLUST, ANZAHL_PUNKTE_PATT, ANZAHL_SPIELER_PRO_TEAM) VALUES (2, 'Handball', 3, 0, 1, 7);
INSERT INTO SPORTART (ID, BEZEICHNUNG, ANZAHL_PUNKTE_SIEG, ANZAHL_PUNKTE_VERLUST, ANZAHL_PUNKTE_PATT, ANZAHL_SPIELER_PRO_TEAM) VALUES (3, 'Tennis', 3, 0, 1, 1);

-- Person 30x
			-- Trainer
INSERT INTO PERSON (ID, VORNAME, NACHNAME, GEBURTSTAG) VALUES (1, 'Ferdinand','Schunke','1990-09-12');
INSERT INTO PERSON (ID, VORNAME, NACHNAME, GEBURTSTAG) VALUES (2, 'Mechtild','Carmen','1966-11-03');
INSERT INTO PERSON (ID, VORNAME, NACHNAME, GEBURTSTAG) VALUES (3, 'Trautlind','Christ','1921-01-07');
INSERT INTO PERSON (ID, VORNAME, NACHNAME, GEBURTSTAG) VALUES (4, 'Burkhart','Borchard','1951-12-24');
INSERT INTO PERSON (ID, VORNAME, NACHNAME, GEBURTSTAG) VALUES (5, 'Denny','Faas','2000-05-21');
INSERT INTO PERSON (ID, VORNAME, NACHNAME, GEBURTSTAG) VALUES (6, 'Jessika','Mörs','1906-03-03');
INSERT INTO PERSON (ID, VORNAME, NACHNAME, GEBURTSTAG) VALUES (7, 'Thomas','Mäurer','1991-12-23');
INSERT INTO PERSON (ID, VORNAME, NACHNAME, GEBURTSTAG) VALUES (8, 'Vivien','Stelling','2004-04-14');
INSERT INTO PERSON (ID, VORNAME, NACHNAME, GEBURTSTAG) VALUES (9, 'Friedrun','Häfele','1995-02-02');
INSERT INTO PERSON (ID, VORNAME, NACHNAME, GEBURTSTAG) VALUES (10, 'Walther','Pack','1949-01-07');
			-- Fussballspieler
INSERT INTO PERSON (ID, VORNAME, NACHNAME, GEBURTSTAG) VALUES (11, 'Vincenz','Zell','1993-02-08');
INSERT INTO PERSON (ID, VORNAME, NACHNAME, GEBURTSTAG) VALUES (12, 'Heinolf','Jahnel','2015-07-02');
INSERT INTO PERSON (ID, VORNAME, NACHNAME, GEBURTSTAG) VALUES (13, 'Susanna','Kandziora','1907-09-09');
INSERT INTO PERSON (ID, VORNAME, NACHNAME, GEBURTSTAG) VALUES (14, 'Eduard','Nuding','1976-07-20');
INSERT INTO PERSON (ID, VORNAME, NACHNAME, GEBURTSTAG) VALUES (15, 'Johannette','Wilk','1943-04-24');
INSERT INTO PERSON (ID, VORNAME, NACHNAME, GEBURTSTAG) VALUES (16, 'Janis','Wittke','1975-01-09');
INSERT INTO PERSON (ID, VORNAME, NACHNAME, GEBURTSTAG) VALUES (17, 'Lucy','Neu','1992-04-07');
INSERT INTO PERSON (ID, VORNAME, NACHNAME, GEBURTSTAG) VALUES (18, 'Gabriele','Wickert','1918-09-18');
INSERT INTO PERSON (ID, VORNAME, NACHNAME, GEBURTSTAG) VALUES (19, 'Friedrun','Schiwek','1994-11-17');
INSERT INTO PERSON (ID, VORNAME, NACHNAME, GEBURTSTAG) VALUES (20, 'Nicolas','Schimpf','2001-04-25');
			-- Physio
INSERT INTO PERSON (ID, VORNAME, NACHNAME, GEBURTSTAG) VALUES (21, 'Patrik','Dresen','1998-01-06');
INSERT INTO PERSON (ID, VORNAME, NACHNAME, GEBURTSTAG) VALUES (22, 'Adelgunde','Bücher','1993-10-31');
INSERT INTO PERSON (ID, VORNAME, NACHNAME, GEBURTSTAG) VALUES (23, 'Mika','Krampe','1935-11-08');
INSERT INTO PERSON (ID, VORNAME, NACHNAME, GEBURTSTAG) VALUES (24, 'Crescentia','Böhler','1978-09-28');
INSERT INTO PERSON (ID, VORNAME, NACHNAME, GEBURTSTAG) VALUES (25, 'Elfie','Bernard','1928-05-24');
INSERT INTO PERSON (ID, VORNAME, NACHNAME, GEBURTSTAG) VALUES (26, 'Gefion','Kopp','1969-07-06');
INSERT INTO PERSON (ID, VORNAME, NACHNAME, GEBURTSTAG) VALUES (27, 'Wilfriede','Röger','1904-12-11');
INSERT INTO PERSON (ID, VORNAME, NACHNAME, GEBURTSTAG) VALUES (28, 'Annelene','Roßbach','2020-02-09');
INSERT INTO PERSON (ID, VORNAME, NACHNAME, GEBURTSTAG) VALUES (29, 'Ronald','Tietze','1973-10-04');
INSERT INTO PERSON (ID, VORNAME, NACHNAME, GEBURTSTAG) VALUES (30, 'Dorlis','Knispel','1996-10-21');

			-- Tennisspieler
INSERT INTO PERSON (ID, VORNAME, NACHNAME, GEBURTSTAG) VALUES (31, 'Ehrhard', 'Mall', '1993-03-22');
INSERT INTO PERSON (ID, VORNAME, NACHNAME, GEBURTSTAG) VALUES (32, 'Hilarius', 'Keil', '1913-08-24');
INSERT INTO PERSON (ID, VORNAME, NACHNAME, GEBURTSTAG) VALUES (33, 'Doritha', 'Gottschlich', '1909-08-15');
INSERT INTO PERSON (ID, VORNAME, NACHNAME, GEBURTSTAG) VALUES (34, 'Frigga', 'Auerswald', '1996-01-24');
INSERT INTO PERSON (ID, VORNAME, NACHNAME, GEBURTSTAG) VALUES (35, 'Stephanie','Skowronek', '2020-05-16');
INSERT INTO PERSON (ID, VORNAME, NACHNAME, GEBURTSTAG) VALUES (36, 'Wernfried', 'Ulmer', '1952-04-09');
INSERT INTO PERSON (ID, VORNAME, NACHNAME, GEBURTSTAG) VALUES (37, 'Boris','Jungwirth', '1962-04-30');
INSERT INTO PERSON (ID, VORNAME, NACHNAME, GEBURTSTAG) VALUES (38, 'Ben', 'Dittmann', '1958-11-04');
INSERT INTO PERSON (ID, VORNAME, NACHNAME, GEBURTSTAG) VALUES (39, 'Gunfried', 'Tietjen', '1988-07-20');
INSERT INTO PERSON (ID, VORNAME, NACHNAME, GEBURTSTAG) VALUES (40, 'Kora', 'Gunkel' , '1908-06-05');

			-- MATERIALWART
INSERT INTO PERSON (ID, VORNAME, NACHNAME, GEBURTSTAG) VALUES (41, 'Hans', 'Mall', '1993-03-22');
INSERT INTO PERSON (ID, VORNAME, NACHNAME, GEBURTSTAG) VALUES (42, 'Peter', 'Keil', '1913-08-24');
INSERT INTO PERSON (ID, VORNAME, NACHNAME, GEBURTSTAG) VALUES (43, 'Frank', 'Gottschlich', '1909-08-15');
INSERT INTO PERSON (ID, VORNAME, NACHNAME, GEBURTSTAG) VALUES (44, 'Uwe', 'Auerswald', '1996-01-24');
INSERT INTO PERSON (ID, VORNAME, NACHNAME, GEBURTSTAG) VALUES (45, 'Udo','Skowronek', '2020-05-16');
INSERT INTO PERSON (ID, VORNAME, NACHNAME, GEBURTSTAG) VALUES (46, 'Werner', 'Ulmer', '1952-04-09');
INSERT INTO PERSON (ID, VORNAME, NACHNAME, GEBURTSTAG) VALUES (47, 'Andreas','Jungwirth', '1962-04-30');
INSERT INTO PERSON (ID, VORNAME, NACHNAME, GEBURTSTAG) VALUES (48, 'Malte', 'Dittmann', '1958-11-04');
INSERT INTO PERSON (ID, VORNAME, NACHNAME, GEBURTSTAG) VALUES (49, 'Frieda', 'Tietjen', '1988-07-20');
INSERT INTO PERSON (ID, VORNAME, NACHNAME, GEBURTSTAG) VALUES (50, 'Mara', 'Gunkel' , '1908-06-05');


-- Mannschaft 10x
INSERT INTO MANNSCHAFT (ID, NAME, STADT, GRUENDUNGSJAHR, SPORTART_ID) VALUES (1, '1. Fc Köln', 'Köln', '1948-02-13', 1);
INSERT INTO MANNSCHAFT (ID, NAME, STADT, GRUENDUNGSJAHR, SPORTART_ID) VALUES (2, 'Borussia Mönchengladbach', 'Mönchengladbach', '1900-08-01', 1);
INSERT INTO MANNSCHAFT (ID, NAME, STADT, GRUENDUNGSJAHR, SPORTART_ID) VALUES (3, 'BVB Dortmund', 'Dortmund', '1909-12-19', 1);
INSERT INTO MANNSCHAFT (ID, NAME, STADT, GRUENDUNGSJAHR, SPORTART_ID) VALUES (4, 'Werder Bremen', 'Bremen', '1899-02-04', 1);
INSERT INTO MANNSCHAFT (ID, NAME, STADT, GRUENDUNGSJAHR, SPORTART_ID) VALUES (5, 'Vfl Rheinbach', 'Rheinbach', '1913-01-01', 1);
INSERT INTO MANNSCHAFT (ID, NAME, STADT, GRUENDUNGSJAHR, SPORTART_ID) VALUES (6, 'THW Kiel', 'Kiel', '1904-01-01', 2);
INSERT INTO MANNSCHAFT (ID, NAME, STADT, GRUENDUNGSJAHR, SPORTART_ID) VALUES (7, 'Vfl Gummersbach', 'Gummersbach', '1861-03-03', 2);
INSERT INTO MANNSCHAFT (ID, NAME, STADT, GRUENDUNGSJAHR, SPORTART_ID) VALUES (8, 'Bayern München', 'München', '1900-02-27', 1);
INSERT INTO MANNSCHAFT (ID, NAME, STADT, GRUENDUNGSJAHR, SPORTART_ID) VALUES (9, 'TC Sportpark Rheinbach', 'Rheinbach', '1950-01-01', 3);
INSERT INTO MANNSCHAFT (ID, NAME, STADT, GRUENDUNGSJAHR, SPORTART_ID) VALUES (10, 'Tennisclub Rot-Weiß', 'Rheinbach', '1948-02-13', 3);

-- Physio 10x
INSERT INTO PHYSIO (ID, PERSON_ID) VALUES (1, 21);
INSERT INTO PHYSIO (ID, PERSON_ID) VALUES (2, 22);
INSERT INTO PHYSIO (ID, PERSON_ID) VALUES (3, 23);
INSERT INTO PHYSIO (ID, PERSON_ID) VALUES (4, 24);
INSERT INTO PHYSIO (ID, PERSON_ID) VALUES (5, 25);
INSERT INTO PHYSIO (ID, PERSON_ID) VALUES (6, 26);
INSERT INTO PHYSIO (ID, PERSON_ID) VALUES (7, 27);
INSERT INTO PHYSIO (ID, PERSON_ID) VALUES (8, 28);
INSERT INTO PHYSIO (ID, PERSON_ID) VALUES (9, 29);
INSERT INTO PHYSIO (ID, PERSON_ID) VALUES (10, 30);

-- Trainer 10x
INSERT INTO TRAINER (ID, PERSON_ID, LIZENZ, ERFAHRUNG) VALUES (1, 1, 'Junioren', 10);
INSERT INTO TRAINER (ID, PERSON_ID, LIZENZ, ERFAHRUNG) VALUES (2, 2, 'Junioren', 15);
INSERT INTO TRAINER (ID, PERSON_ID, LIZENZ, ERFAHRUNG) VALUES (3, 3, 'Junioren', 7);
INSERT INTO TRAINER (ID, PERSON_ID, LIZENZ, ERFAHRUNG) VALUES (4, 4, 'Herren', 2);
INSERT INTO TRAINER (ID, PERSON_ID, LIZENZ, ERFAHRUNG) VALUES (5, 5, 'Herren', 23);
INSERT INTO TRAINER (ID, PERSON_ID, LIZENZ, ERFAHRUNG) VALUES (6, 6, 'Herren', 30);
INSERT INTO TRAINER (ID, PERSON_ID, LIZENZ, ERFAHRUNG) VALUES (7, 7, 'Herren', 15);
INSERT INTO TRAINER (ID, PERSON_ID, LIZENZ, ERFAHRUNG) VALUES (8, 8, 'Liga', 17);
INSERT INTO TRAINER (ID, PERSON_ID, LIZENZ, ERFAHRUNG) VALUES (9, 9, 'Liga', 13);
INSERT INTO TRAINER (ID, PERSON_ID, LIZENZ, ERFAHRUNG) VALUES (10, 10, 'Liga', 8);

-- Fussballspieler 10x
INSERT INTO FUSSBALLSPIELER (ID, PERSON_ID, TORE, POSITION) VALUES (1, 11, 5, 'Stürmer');
INSERT INTO FUSSBALLSPIELER (ID, PERSON_ID, TORE, POSITION) VALUES (2, 12, 13, 'Stürmer');
INSERT INTO FUSSBALLSPIELER (ID, PERSON_ID, TORE, POSITION) VALUES (3, 13, 0, 'Stürmer');
INSERT INTO FUSSBALLSPIELER (ID, PERSON_ID, TORE, POSITION) VALUES (4, 14, 23, 'Torwart');
INSERT INTO FUSSBALLSPIELER (ID, PERSON_ID, TORE, POSITION) VALUES (5, 15, 64, 'Torwart');
INSERT INTO FUSSBALLSPIELER (ID, PERSON_ID, TORE, POSITION) VALUES (6, 16, 2, 'Torwart');
INSERT INTO FUSSBALLSPIELER (ID, PERSON_ID, TORE, POSITION) VALUES (7, 17, 12, 'Mittelfeld');
INSERT INTO FUSSBALLSPIELER (ID, PERSON_ID, TORE, POSITION) VALUES (8, 18, 76, 'Mittelfeld');
INSERT INTO FUSSBALLSPIELER (ID, PERSON_ID, TORE, POSITION) VALUES (9, 19, 5, 'Linksaußen');
INSERT INTO FUSSBALLSPIELER (ID, PERSON_ID, TORE, POSITION) VALUES (10, 20, 2, 'Rechtsaußen');

-- Tennisspieler
INSERT INTO TENNISSPIELER (ID, PERSON_ID, ANZAHL_SPIELE, ANZAHL_GEWONNEN) VALUES (1, 31, 5, 2);
INSERT INTO TENNISSPIELER (ID, PERSON_ID, ANZAHL_SPIELE, ANZAHL_GEWONNEN) VALUES (2, 32, 6, 4);
INSERT INTO TENNISSPIELER (ID, PERSON_ID, ANZAHL_SPIELE, ANZAHL_GEWONNEN) VALUES (3, 33, 3, 0);
INSERT INTO TENNISSPIELER (ID, PERSON_ID, ANZAHL_SPIELE, ANZAHL_GEWONNEN) VALUES (4, 34, 15, 12);
INSERT INTO TENNISSPIELER (ID, PERSON_ID, ANZAHL_SPIELE, ANZAHL_GEWONNEN) VALUES (5, 35, 22, 14);
INSERT INTO TENNISSPIELER (ID, PERSON_ID, ANZAHL_SPIELE, ANZAHL_GEWONNEN) VALUES (6, 36, 16, 16);
INSERT INTO TENNISSPIELER (ID, PERSON_ID, ANZAHL_SPIELE, ANZAHL_GEWONNEN) VALUES (7, 37, 22, 20);
INSERT INTO TENNISSPIELER (ID, PERSON_ID, ANZAHL_SPIELE, ANZAHL_GEWONNEN) VALUES (8, 38, 58, 37);
INSERT INTO TENNISSPIELER (ID, PERSON_ID, ANZAHL_SPIELE, ANZAHL_GEWONNEN) VALUES (9, 39, 88, 70);
INSERT INTO TENNISSPIELER (ID, PERSON_ID, ANZAHL_SPIELE, ANZAHL_GEWONNEN) VALUES (10, 40, 20, 2);

-- Materialwart
INSERT INTO MATERIALWART (ID, PERSON_ID, ANZAHL_BAELLE, ANZAHL_WASSERFLASCHEN) VALUES(1, 41, 2, 2);
INSERT INTO MATERIALWART (ID, PERSON_ID, ANZAHL_BAELLE, ANZAHL_WASSERFLASCHEN) VALUES(2, 42, 3, 3);
INSERT INTO MATERIALWART (ID, PERSON_ID, ANZAHL_BAELLE, ANZAHL_WASSERFLASCHEN) VALUES(3, 43, 2, 4);
INSERT INTO MATERIALWART (ID, PERSON_ID, ANZAHL_BAELLE, ANZAHL_WASSERFLASCHEN) VALUES(4, 44, 1, 6);
INSERT INTO MATERIALWART (ID, PERSON_ID, ANZAHL_BAELLE, ANZAHL_WASSERFLASCHEN) VALUES(5, 45, 5, 7);
INSERT INTO MATERIALWART (ID, PERSON_ID, ANZAHL_BAELLE, ANZAHL_WASSERFLASCHEN) VALUES(6, 46, 3, 2);
INSERT INTO MATERIALWART (ID, PERSON_ID, ANZAHL_BAELLE, ANZAHL_WASSERFLASCHEN) VALUES(7, 47, 4, 3);
INSERT INTO MATERIALWART (ID, PERSON_ID, ANZAHL_BAELLE, ANZAHL_WASSERFLASCHEN) VALUES(8, 48, 8, 1);
INSERT INTO MATERIALWART (ID, PERSON_ID, ANZAHL_BAELLE, ANZAHL_WASSERFLASCHEN) VALUES(9, 49, 1, 3);
INSERT INTO MATERIALWART (ID, PERSON_ID, ANZAHL_BAELLE, ANZAHL_WASSERFLASCHEN) VALUES(10, 50, 0, 0);

-- Personen_Mannschaften 30x
INSERT INTO PERSONEN_MANNSCHAFTEN (ID, PERSON_ID, MANNSCHAFT_ID) VALUES (1, 1, 1);
INSERT INTO PERSONEN_MANNSCHAFTEN (ID, PERSON_ID, MANNSCHAFT_ID) VALUES (2, 2, 2);
INSERT INTO PERSONEN_MANNSCHAFTEN (ID, PERSON_ID, MANNSCHAFT_ID) VALUES (3, 3, 3);
INSERT INTO PERSONEN_MANNSCHAFTEN (ID, PERSON_ID, MANNSCHAFT_ID) VALUES (4, 4, 4);
INSERT INTO PERSONEN_MANNSCHAFTEN (ID, PERSON_ID, MANNSCHAFT_ID) VALUES (5, 5, 5);
INSERT INTO PERSONEN_MANNSCHAFTEN (ID, PERSON_ID, MANNSCHAFT_ID) VALUES (6, 6, 6);
INSERT INTO PERSONEN_MANNSCHAFTEN (ID, PERSON_ID, MANNSCHAFT_ID) VALUES (7, 7, 7);
INSERT INTO PERSONEN_MANNSCHAFTEN (ID, PERSON_ID, MANNSCHAFT_ID) VALUES (8, 8, 8);
INSERT INTO PERSONEN_MANNSCHAFTEN (ID, PERSON_ID, MANNSCHAFT_ID) VALUES (9, 9, 9);
INSERT INTO PERSONEN_MANNSCHAFTEN (ID, PERSON_ID, MANNSCHAFT_ID) VALUES (10, 10, 10);
INSERT INTO PERSONEN_MANNSCHAFTEN (ID, PERSON_ID, MANNSCHAFT_ID) VALUES (11, 11, 1);
INSERT INTO PERSONEN_MANNSCHAFTEN (ID, PERSON_ID, MANNSCHAFT_ID) VALUES (12, 12, 2);
INSERT INTO PERSONEN_MANNSCHAFTEN (ID, PERSON_ID, MANNSCHAFT_ID) VALUES (13, 13, 3);
INSERT INTO PERSONEN_MANNSCHAFTEN (ID, PERSON_ID, MANNSCHAFT_ID) VALUES (14, 14, 4);
INSERT INTO PERSONEN_MANNSCHAFTEN (ID, PERSON_ID, MANNSCHAFT_ID) VALUES (15, 15, 5);
INSERT INTO PERSONEN_MANNSCHAFTEN (ID, PERSON_ID, MANNSCHAFT_ID) VALUES (16, 16, 1);
INSERT INTO PERSONEN_MANNSCHAFTEN (ID, PERSON_ID, MANNSCHAFT_ID) VALUES (17, 17, 2);
INSERT INTO PERSONEN_MANNSCHAFTEN (ID, PERSON_ID, MANNSCHAFT_ID) VALUES (18, 18, 3);
INSERT INTO PERSONEN_MANNSCHAFTEN (ID, PERSON_ID, MANNSCHAFT_ID) VALUES (19, 19, 4);
INSERT INTO PERSONEN_MANNSCHAFTEN (ID, PERSON_ID, MANNSCHAFT_ID) VALUES (20, 20, 5);
INSERT INTO PERSONEN_MANNSCHAFTEN (ID, PERSON_ID, MANNSCHAFT_ID) VALUES (21, 21, 1);
INSERT INTO PERSONEN_MANNSCHAFTEN (ID, PERSON_ID, MANNSCHAFT_ID) VALUES (22, 22, 2);
INSERT INTO PERSONEN_MANNSCHAFTEN (ID, PERSON_ID, MANNSCHAFT_ID) VALUES (23, 23, 3);
INSERT INTO PERSONEN_MANNSCHAFTEN (ID, PERSON_ID, MANNSCHAFT_ID) VALUES (24, 24, 4);
INSERT INTO PERSONEN_MANNSCHAFTEN (ID, PERSON_ID, MANNSCHAFT_ID) VALUES (25, 25, 5);
INSERT INTO PERSONEN_MANNSCHAFTEN (ID, PERSON_ID, MANNSCHAFT_ID) VALUES (26, 26, 6);
INSERT INTO PERSONEN_MANNSCHAFTEN (ID, PERSON_ID, MANNSCHAFT_ID) VALUES (27, 27, 7);
INSERT INTO PERSONEN_MANNSCHAFTEN (ID, PERSON_ID, MANNSCHAFT_ID) VALUES (28, 28, 8);
INSERT INTO PERSONEN_MANNSCHAFTEN (ID, PERSON_ID, MANNSCHAFT_ID) VALUES (29, 29, 9);
INSERT INTO PERSONEN_MANNSCHAFTEN (ID, PERSON_ID, MANNSCHAFT_ID) VALUES (30, 30, 10);

-- TURNIERART
INSERT INTO TURNIERART (ID, BEZEICHNUNG) VALUES (1, 'Mannschaftsturnier');
INSERT INTO TURNIERART (ID, BEZEICHNUNG) VALUES (2, 'Einzelturnier');

-- Turnier
INSERT INTO TURNIER (ID, BEZEICHNUNG, SPORTART_ID, TURNIERART_ID, ABGESCHLOSSEN) VALUES (1, 'Fussballbundesliga', 1, 1, 1);
INSERT INTO TURNIER (ID, BEZEICHNUNG, SPORTART_ID, TURNIERART_ID, ABGESCHLOSSEN) VALUES (2, 'Dieses Ding wo Boris Becker gewonnen hat', 3, 2, 0);

-- Turnierteilnehmer Mannschaften
INSERT INTO TURNIER_MANNSCHAFT (ID, TURNIER_ID, MANNSCHAFT_ID) VALUES (1, 1, 1);
INSERT INTO TURNIER_MANNSCHAFT (ID, TURNIER_ID, MANNSCHAFT_ID) VALUES (2, 1, 2);

-- Turnierteilnehmer Personen
INSERT INTO TURNIER_PERSON (ID, TURNIER_ID, PERSON_ID) VALUES (1, 2, 31);
INSERT INTO TURNIER_PERSON (ID, TURNIER_ID, PERSON_ID) VALUES (2, 2, 32);
INSERT INTO TURNIER_PERSON (ID, TURNIER_ID, PERSON_ID) VALUES (3, 2, 33);
INSERT INTO TURNIER_PERSON (ID, TURNIER_ID, PERSON_ID) VALUES (4, 2, 34);
INSERT INTO TURNIER_PERSON (ID, TURNIER_ID, PERSON_ID) VALUES (5, 2, 35);
INSERT INTO TURNIER_PERSON (ID, TURNIER_ID, PERSON_ID) VALUES (6, 2, 36);
INSERT INTO TURNIER_PERSON (ID, TURNIER_ID, PERSON_ID) VALUES (7, 2, 37);
INSERT INTO TURNIER_PERSON (ID, TURNIER_ID, PERSON_ID) VALUES (8, 2, 38);
INSERT INTO TURNIER_PERSON (ID, TURNIER_ID, PERSON_ID) VALUES (9, 2, 39);
INSERT INTO TURNIER_PERSON (ID, TURNIER_ID, PERSON_ID) VALUES (10, 2, 40);

-- Mannschaftsspiele
INSERT INTO MANNSCHAFTSSPIEL (ID, MANNSCHAFT1_ID, MANNSCHAFT2_ID, PUNKTE_MANNSCHAFT1, PUNKTE_MANNSCHAFT2, TURNIER_ID) VALUES (1, 1, 2, 3, 2, 1);

-- Einzelspiele
-- INSERT INTO EINZELSPIEL (ID, PERSON1_ID, PERSON2_ID, PUNKTE_PERSON1, PUNKTE_PERSON2, TURNIER_ID) VALUES (1, 31, 32, 40, 15, 2);
-- INSERT INTO EINZELSPIEL (ID, PERSON1_ID, PERSON2_ID, PUNKTE_PERSON1, PUNKTE_PERSON2, TURNIER_ID) VALUES (2, 32, 33, 40, 15, 2);
-- INSERT INTO EINZELSPIEL (ID, PERSON1_ID, PERSON2_ID, PUNKTE_PERSON1, PUNKTE_PERSON2, TURNIER_ID) VALUES (3, 33, 34, 40, 15, 2);
-- INSERT INTO EINZELSPIEL (ID, PERSON1_ID, PERSON2_ID, PUNKTE_PERSON1, PUNKTE_PERSON2, TURNIER_ID) VALUES (4, 34, 35, 40, 15, 2);
-- INSERT INTO EINZELSPIEL (ID, PERSON1_ID, PERSON2_ID, PUNKTE_PERSON1, PUNKTE_PERSON2, TURNIER_ID) VALUES (5, 35, 36, 40, 15, 2);
-- INSERT INTO EINZELSPIEL (ID, PERSON1_ID, PERSON2_ID, PUNKTE_PERSON1, PUNKTE_PERSON2, TURNIER_ID) VALUES (6, 36, 37, 40, 15, 2);
-- INSERT INTO EINZELSPIEL (ID, PERSON1_ID, PERSON2_ID, PUNKTE_PERSON1, PUNKTE_PERSON2, TURNIER_ID) VALUES (7, 37, 38, 40, 15, 2);
-- INSERT INTO EINZELSPIEL (ID, PERSON1_ID, PERSON2_ID, PUNKTE_PERSON1, PUNKTE_PERSON2, TURNIER_ID) VALUES (8, 38, 39, 40, 15, 2);
-- INSERT INTO EINZELSPIEL (ID, PERSON1_ID, PERSON2_ID, PUNKTE_PERSON1, PUNKTE_PERSON2, TURNIER_ID) VALUES (9, 39, 40, 40, 15, 2);
-- INSERT INTO EINZELSPIEL (ID, PERSON1_ID, PERSON2_ID, PUNKTE_PERSON1, PUNKTE_PERSON2, TURNIER_ID) VALUES (10, 40, 31, 40, 30, 2);